{"a": [0.777419424, 0.0578312036, 0.426386499], "b": [2.71058227, 71.7532098, 0.0913331555], "c": [0.11340722, 0.790114035, 0.0323293496], "d": [0.448867451, 8.66366718, 0.178503463]}