{"a": [0.358774531, 1.76181348, 0.636905053], "b": [0.10615346, 1.01640995, 15.3659093], "c": [0.00744930667, 0.189002374, 0.229619589], "d": [0.0385345989, 0.39842779, 0.901419843]}